record_id,shipment_id,shipment_date,company,depot,product,destination,province,volume_litres,reference_distance_km,claimed_distance_km,transport_cost
1,SHP-0001,2026-07-01,Copperbelt Fuels Ltd,Kabwe,diesel ,Mkushi,Central,38000,95,95.0,12761
2,SHP-0002,2026-08-22,Mosi Petroleum Merchants Ltd,Lusaka,Petrol,Solwezi,North-Western,32000,575,575.0,85354
3,SHP-0003,2026-09-07,Great Lakes Energy Ltd,Kitwe,Kerosene,Kalulushi,Copperbelt,40000,40,88.0,6874
4,SHP-0004,2026-08-20,ZamFuel Trading Ltd,Ndola,DIESEL,Kasumbalesa,Copperbelt,24000,105,105.0,11907
5,SHP-0005,2026-08-05,Mosi Petroleum Merchants Ltd,Lusaka,Petrol,Choma,Southern,28000,320,320.0,34523
6,SHP-0006,2026-09-15,Zambezi Oil Distributors Ltd,Kasama,Petrol,Serenje,Central,40000,215,172.0,37947
7,SHP-0007,2026-08-04,Copperbelt Fuels Ltd,Kabwe,Diesel,Mkushi,Central,30000,95,95.0,11313
8,SHP-0008,2026-09-04,Zambezi Oil Distributors Ltd,Kabwe,Petrol,Serenje,Central,30000,175,175.0,23123
9,SHP-0009,2026-08-12,ZamFuel Trading Ltd,Lusaka,Diesel,Livingstone,Southern,38000,485,485.0,87839
10,SHP-0010,2026-07-03,Mosi Petroleum Merchants Ltd,Lusaka,Jet A-1,Solwezi,North-Western,28000,575,575.0,72936
11,SHP-0011,2026-08-18,Great Lakes Energy Ltd,Lusaka,PETROL,Mansa,Luapula,34000,455,455.0,67032
12,SHP-0012,2026-07-05,Rift Petro Supplies Ltd,Kasama,Petrol,Mpika,Muchinga,30000,190,190.0,23586
13,SHP-0013,2026-09-24,ZamFuel Trading Ltd,Ndola,Jet A-1,Solwezi,North-Western,28000,215,215.0,28437
14,SHP-0014,2026-08-25,Zambezi Oil Distributors Ltd,Livingstone,Diesel,Kazungula,Southern,40000,80,80.0,15128
15,SHP-0015,2026-08-04,ZamFuel Trading Ltd,Lusaka,Petrol,Solwezi,North-Western,28000,575,575.0,71126
16,SHP-0016,2026-08-14,ZamFuel Trading Ltd,Lusaka,Kerosene,Kitwe,Copperbelt,24000,345,345.0,37054
17,SHP-0017,2026-08-26,ZamFuel Trading Ltd,Ndola,Kerosene,Chingola,Copperbelt,36000,60,60.0,21538
18,SHP-0018,2026-07-24,Great Lakes Energy Ltd,Lusaka,Diesel,Choma,Southern,38000,320,320.0,46764
19,SHP-0019,2026-07-27,ZamFuel Trading Ltd,Livingstone,Diesel,Sesheke,Western,28000,145,145.0,16141
20,SHP-0020,2026-08-08,Mosi Petroleum Merchants Ltd,Ndola,Petrol,Solwezi,North-Western,36000,215,215.0,36189
21,SHP-0021,2026-07-24,Rift Petro Supplies Ltd,Kabwe,Petrol,Mkushi,Central,34000,95,95.0,13262
22,SHP-0022,2026-09-08,ZamFuel Trading Ltd,Lusaka,Diesel,Mansa,Luapula,38000,455,455.0,74455
23,SHP-0023,2026-07-10,ZamFuel Trading Ltd,Kasama,petrol,Mbala,Northern,28000,90,90.0,10955
24,SHP-0024,2026-09-15,ZamFuel Trading Ltd,Kitwe,Diesel,Chingola,Copperbelt,40000,65,,12266
25,SHP-0025,2026-08-02,Rift Petro Supplies Ltd,Kabwe,Kerosene,Mkushi,Central,34000,95,95.0,13120
26,SHP-0026,2026-08-21,Zambezi Oil Distributors Ltd,Lusaka,Petrol,Ndola,Copperbelt,38000,370,370.0,66837
27,SHP-0027,2026-07-15,ZamFuel Trading Ltd,Lusaka,diesel ,Petauke,Eastern,30000,420,420.0,55731
28,SHP-0028,2026-08-05,Zambezi Oil Distributors Ltd,Lusaka,Petrol,Kabwe,Central,40000,130,130.0,25649
29,SHP-0029,2026-09-08,ZamFuel Trading Ltd,Lusaka,Kerosene,Ndola,Copperbelt,36000,370,334.0,61955
30,SHP-0030,2026-07-25,Zambezi Oil Distributors Ltd,Ndola,Petrol,Kasumbalesa,Copperbelt,28000,105,105.0,14593
31,SHP-0031,2026-07-13,Mosi Petroleum Merchants Ltd,Ndola,diesel,Kapiri Mposhi,Central,40000,150,150.0,28962
32,SHP-0032,2026-08-18,Great Lakes Energy Ltd,Kasama,Diesel,Mbala,Northern,38000,90,90.0,13696
33,SHP-0033,2026-07-15,Great Lakes Energy Ltd,Lusaka,Petrol,Chipata,Eastern,30000,365,365.0,55242
34,SHP-0034,2026-07-29,Zambezi Oil Distributors Ltd,Lusaka,Diesel,Mansa,Luapula,34000,455,455.0,63466
35,SHP-0035,2026-08-11,ZamFuel Trading Ltd,Lusaka,Diesel,Petauke,Eastern,32000,420,420.0,61293
36,SHP-0036,2026-08-21,ZamFuel Trading Ltd,Lusaka,DIESEL,Ndola,Copperbelt,34000,370,370.0,60707
37,SHP-0037,2026-08-28,ZamFuel Trading Ltd,Lusaka,Diesel,Livingstone,Southern,40000,485,485.0,94204
38,SHP-0038,2026-09-01,Rift Petro Supplies Ltd,Lusaka,Jet A-1,Petauke,Eastern,40000,420,420.0,78843
39,SHP-0039,2026-09-16,Great Lakes Energy Ltd,Lusaka,Diesel,Kitwe,Copperbelt,28000,345,345.0,41306
40,SHP-0040,2026-07-07,Rift Petro Supplies Ltd,Ndola,Diesel,Solwezi,North-Western,40000,215,215.0,39785
41,SHP-0041,2026-08-03,Zambezi Oil Distributors Ltd,Lusaka,Petrol,Solwezi,North-Western,32000,575,575.0,71957
42,SHP-0042,2026-07-01,ZamFuel Trading Ltd,Livingstone,Kerosene,Sesheke,Western,36000,145,145.0,22758
43,SHP-0043,2026-07-01,Great Lakes Energy Ltd,Ndola,Diesel,Kasumbalesa,Copperbelt,38000,105,105.0,44786
44,SHP-0044,2026-07-20,ZamFuel Trading Ltd,Lusaka,Diesel,Chipata,Eastern,32000,365,365.0,61111
45,SHP-0045,2026-08-25,ZamFuel Trading Ltd,Livingstone,Petrol,Sesheke,Western,32000,145,145.0,17596
46,SHP-0046,2026-09-21,Great Lakes Energy Ltd,Kabwe,Kerosene,Serenje,Central,32000,175,175.0,24535
47,SHP-0047,2026-09-10,Mosi Petroleum Merchants Ltd,Lusaka,Petrol,Mansa,Luapula,38000,455,455.0,74273
48,SHP-0048,2026-08-29,Rift Petro Supplies Ltd,Lusaka,Diesel,Mongu,Western,32000,560,560.0,76564
49,SHP-0049,2026-09-10,ZamFuel Trading Ltd,Ndola,Petrol,Kasumbalesa,Copperbelt,30000,105,30.0,15446
50,SHP-0050,2026-07-16,Rift Petro Supplies Ltd,Lusaka,Jet A-1,Livingstone,Southern,30000,485,485.0,71751
51,SHP-0051,2026-09-16,ZamFuel Trading Ltd,Lusaka,Petrol,Ndola,Copperbelt,28000,370,370.0,45476
52,SHP-0052,2026-09-20,Zambezi Oil Distributors Ltd,Lusaka,Petrol,Kabwe,Central,32000,130,130.0,21434
53,SHP-0053,2026-07-09,Great Lakes Energy Ltd,Kabwe,Kerosene,Serenje,Central,24000,175,175.0,19207
54,SHP-0054,2026-08-13,ZamFuel Trading Ltd,Ndola,Kerosene,Solwezi,North-Western,24000,215,215.0,22362
55,SHP-0055,2026-09-15,ZamFuel Trading Ltd,Ndola,Petrol,Kasumbalesa,Copperbelt,36000,105,105.0,16932
56,SHP-0056,2026-08-13,ZamFuel Trading Ltd,Kabwe,Diesel,Mkushi,Central,N/A,95,95.0,9359
57,SHP-0057,2026-09-16,Mosi Petroleum Merchants Ltd,Lusaka,Diesel,Petauke,Eastern,34000,420,420.0,55656
58,SHP-0058,2026-09-25,Copperbelt Fuels Ltd,Ndola,Kerosene,Chingola,Copperbelt,38000,60,60.0,11242
59,SHP-0059,2026-08-13,Great Lakes Energy Ltd,Lusaka,Petrol,Livingstone,Southern,36000,485,485.0,75580
60,SHP-0060,2026-07-06,Rift Petro Supplies Ltd,Lusaka,Diesel,Livingstone,Southern,32000,485,485.0,72792
61,SHP-0061,2026-08-01,Rift Petro Supplies Ltd,Ndola,Diesel,Solwezi,North-Western,28000,215,215.0,26200
62,SHP-0062,2026-07-20,ZamFuel Trading Ltd,Lusaka,Diesel,Petauke,Eastern,40000,420,,78821
63,SHP-0063,2026-08-13,Mosi Petroleum Merchants Ltd,Ndola,Kerosene,Chingola,Copperbelt,38000,60,60.0,10792
64,SHP-0064,2026-08-23,Copperbelt Fuels Ltd,Kabwe,Diesel,Mkushi,Central,34000,95,95.0,12485
65,SHP-0065,2026-08-12,Rift Petro Supplies Ltd,Ndola,Petrol,Solwezi,North-Western,24000,215,215.0,22020
66,SHP-0066,2026-07-18,Great Lakes Energy Ltd,Ndola, Kerosene ,Chingola,Copperbelt,24000,60,60.0,7315
67,SHP-0067,2026-07-28,Rift Petro Supplies Ltd,Ndola,Kerosene,Chingola,Copperbelt,30000,60,60.0,8827
68,SHP-0068,2026-09-01,Mosi Petroleum Merchants Ltd,Lusaka,Kerosene,Chipata,Eastern,28000,365,365.0,49759
69,SHP-0069,2026-07-03,ZamFuel Trading Ltd,Lusaka,Petrol,Kabwe,Central,38000,130,130.0,23985
70,SHP-0070,2026-07-20,Rift Petro Supplies Ltd,Lusaka,Petrol,Solwezi,North-Western,28000,575,575.0,65734
71,SHP-0071,2026-09-21,,Lusaka,Diesel,Kitwe,Copperbelt,30000,345,345.0,44686
72,SHP-0072,2026-07-10,Copperbelt Fuels Ltd,Lusaka,Petrol,Solwezi,North-Western,40000,575,575.0,92924
73,SHP-0073,2026-08-08,ZamFuel Trading Ltd,Livingstone,Jet A-1,Choma,Southern,38000,200,200.0,33183
74,SHP-0074,2026-07-20,ZamFuel Trading Ltd,,Petrol,Kitwe,Copperbelt,28000,345,345.0,41176
75,SHP-0075,2026-07-10,ZamFuel Trading Ltd,Lusaka,Diesel,Choma,Southern,32000,320,320.0,47454
76,SHP-0076,2026-08-08,Copperbelt Fuels Ltd,Lusaka,Kerosene,Mongu,Western,34000,560,560.0,76940
77,SHP-0077,2026-08-17,Copperbelt Fuels Ltd,Lusaka,Petrol,Mongu,Western,36000,560,560.0,85766
78,SHP-0078,2026-07-17,Rift Petro Supplies Ltd,Ndola,Petrol,Solwezi,North-Western,40000,215,215.0,41039
79,SHP-0079,2026-07-08,Rift Petro Supplies Ltd,Ndola,Diesel,Chingola,Copperbelt,38000,60,60.0,11537
80,SHP-0080,2026-07-13,Copperbelt Fuels Ltd,Kabwe,Diesel,Serenje,Central,40000,175,175.0,30884
81,SHP-0081,2026-08-29,,Ndola,Diesel,Solwezi,North-Western,24000,215,215.0,22845
82,SHP-0082,2026-09-18,ZamFuel Trading Ltd,Lusaka,Diesel,Solwezi,North-Western,28000,575,575.0,71329
83,SHP-0083,2026-07-17,Rift Petro Supplies Ltd,Livingstone,Jet A-1,Kazungula,Southern,34000,80,80.0,13775
84,SHP-0084,2026-07-30,Copperbelt Fuels Ltd,Lusaka,Diesel,Ndola,Copperbelt,24000,370,370.0,41259
85,SHP-0085,2026-08-01,ZamFuel Trading Ltd,Lusaka,Petrol,Kabwe,Central,30000,130,130.0,19076
86,SHP-0086,2026-08-03,Copperbelt Fuels Ltd,Lusaka,Petrol,Choma,Southern,28000,320,320.0,34131
87,SHP-0087,2026-07-23,Copperbelt Fuels Ltd,Ndola,Petrol,Kapiri Mposhi,Central,40000,150,150.0,"25,449"
88,SHP-0088,2026-07-06,ZamFuel Trading Ltd,Lusaka,Petrol,Petauke,Eastern,24000,420,420.0,45685
89,SHP-0089,2026-08-18,Rift Petro Supplies Ltd,Lusaka,Petrol,Ndola,Copperbelt,28000,370,370.0,49311
90,SHP-0090,2026-08-02,Rift Petro Supplies Ltd,Lusaka,Diesel,Petauke,Eastern,28000,420,420.0,47917
91,SHP-0091,2026-08-01,Great Lakes Energy Ltd,Lusaka,Petrol,Ndola,Copperbelt,28000,370,370.0,52343
92,SHP-0092,2026-07-25,Rift Petro Supplies Ltd,Ndola,Jet A-1,Kasumbalesa,Copperbelt,34000,105,105.0,17576
93,SHP-0093,2026-09-24,Rift Petro Supplies Ltd,Lusaka,Petrol,Solwezi,North-Western,30000,575,575.0,73643
94,SHP-0094,2026-08-26,Copperbelt Fuels Ltd,Lusaka,Petrol,Mansa,Luapula,40000,455,455.0,76527
95,SHP-0095,2026-08-08,Great Lakes Energy Ltd,Lusaka,Diesel,Mongu,Western,30000,560,560.0,66450
96,SHP-0096,2026-07-19,Rift Petro Supplies Ltd,Ndola,Kerosene,Solwezi,North-Western,34000,215,272.0,30365
97,SHP-0097,2026-09-12,Copperbelt Fuels Ltd,Lusaka,Petrol,Mansa,Luapula,36000,455,455.0,67976
98,SHP-0098,2026-09-20,Rift Petro Supplies Ltd,Lusaka,Petrol,Choma,Southern,36000,320,320.0,50623
99,SHP-0099,2026-07-03,Copperbelt Fuels Ltd,Lusaka,Petrol,Livingstone,Southern,38000,485,,83454
100,SHP-0100,2026-09-24,Rift Petro Supplies Ltd,Kasama,Diesel,Mbala,Northern,28000,90,90.0,11431
101,SHP-0101,2026-09-03,Great Lakes Energy Ltd,Kitwe,Diesel,Chingola,Copperbelt,34000,65,150.0,10344
102,SHP-0102,2026-07-10,Zambezi Oil Distributors Ltd,Ndola,Petrol,Kasumbalesa,Copperbelt,38000,105,105.0,19531
103,SHP-0103,2026-09-08,Mosi Petroleum Merchants Ltd,Lusaka,Petrol,Mongu,Western,38000,560,560.0,90354
104,SHP-0104,2026-07-10,Rift Petro Supplies Ltd,Kasama,Diesel,Mbala,Northern,34000,90,117.0,14037
105,SHP-0105,2026-07-05,Rift Petro Supplies Ltd,Kabwe,Jet A-1,Mkushi,Central,36000,95,95.0,13329
106,SHP-0106,2026-07-11,Great Lakes Energy Ltd,Ndola,Diesel,Kapiri Mposhi,Central,38000,150,150.0,22126
107,SHP-0107,2026-08-12,Copperbelt Fuels Ltd,Lusaka,Diesel,Solwezi,North-Western,34000,575,575.0,80621
108,SHP-0108,2026-08-27,Zambezi Oil Distributors Ltd,Lusaka,Petrol,Mongu,Western,40000,560,589.0,93240
109,SHP-0109,2026-08-07,Copperbelt Fuels Ltd,Lusaka,Petrol,Choma,Southern,28000,320,320.0,34778
110,SHP-0110,2026-07-12,ZamFuel Trading Ltd,Kitwe,Petrol,Chingola,Copperbelt,30000,65,65.0,9572
111,SHP-0111,2026-07-19,ZamFuel Trading Ltd,Lusaka,Diesel,Petauke,Eastern,24000,420,420.0,43639
112,SHP-0112,2026-09-17,Zambezi Oil Distributors Ltd,Lusaka,Kerosene,Kitwe,Copperbelt,24000,345,345.0,39232
113,SHP-0113,2026-09-27,ZamFuel Trading Ltd,Lusaka,Kerosene,Chipata,Eastern,32000,365,365.0,52947
114,SHP-0114,2026-09-08,Copperbelt Fuels Ltd,Ndola,JET A-1,Chingola,Copperbelt,28000,60,60.0,8105
115,SHP-0115,2026-07-10,Copperbelt Fuels Ltd,Lusaka,Jet A-1,Ndola,Copperbelt,32000,370,370.0,53789
116,SHP-0116,2026-09-14,ZamFuel Trading Ltd,Livingstone,Jet A-1,Choma,Southern,32000,200,200.0,26267
117,SHP-0117,2026-09-02,Copperbelt Fuels Ltd,Kabwe,Petrol,Mkushi,Central,34000,95,95.0,13025
118,SHP-0118,2026-08-18,Great Lakes Energy Ltd,Ndola,Petrol,Kapiri Mposhi,Central,40000,150,150.0,22339
119,SHP-0119,2026-07-14,ZamFuel Trading Ltd,Lusaka,Petrol,Solwezi,North-Western,38000,575,575.0,97941
120,SHP-0120,2026-09-30,Zambezi Oil Distributors Ltd,Ndola,Diesel,Mufulira,Copperbelt,32000,45,45.0,7525
121,SHP-0121,2026-08-10,Zambezi Oil Distributors Ltd,,Petrol,Chingola,Copperbelt,30000,60,60.0,8402
122,SHP-0122,2026-07-05,Copperbelt Fuels Ltd,Ndola,Kerosene,Solwezi,North-Western,38000,215,215.0,36236
123,SHP-0123,2026-07-20,ZamFuel Trading Ltd,Lusaka,diesel ,Choma,Southern,24000,320,320.0,33425
124,SHP-0124,2026-08-06,Rift Petro Supplies Ltd,Lusaka,Diesel,Solwezi,North-Western,34000,575,,85896
125,SHP-0125,2026-07-06,ZamFuel Trading Ltd,Lusaka,Petrol,Kabwe,Central,32000,130,130.0,19846
126,SHP-0126,2026-07-30,Copperbelt Fuels Ltd,Lusaka, Petrol ,Petauke,Eastern,28000,420,420.0,46195
127,SHP-0127,2026-08-13,Mosi Petroleum Merchants Ltd,Lusaka,Petrol,Chipata,Eastern,34000,365,365.0,63584
128,SHP-0128,2026-09-26,Mosi Petroleum Merchants Ltd,Lusaka,Kerosene,Livingstone,Southern,30000,485,485.0,67676
129,SHP-0129,2026-07-08,Great Lakes Energy Ltd,Lusaka,Diesel,Livingstone,Southern,28000,485,434.0,60307
130,SHP-0130,2026-08-23,Copperbelt Fuels Ltd,Ndola,Diesel,Chingola,Copperbelt,36000,60,60.0,10381
131,SHP-0131,2026-09-23,Great Lakes Energy Ltd,Lusaka,Petrol,Ndola,Copperbelt,28000,370,370.0,87015
132,SHP-0132,2026-09-13,Great Lakes Energy Ltd,Kasama,Petrol,Mpika,Muchinga,36000,190,190.0,27230
133,SHP-0133,2026-09-24,Copperbelt Fuels Ltd,Ndola,Diesel,Chingola,Copperbelt,28000,60,60.0,8267
134,SHP-0134,2026-07-16,Rift Petro Supplies Ltd,Lusaka,Diesel,Chipata,Eastern,32000,365,365.0,54105
135,SHP-0135,2026-09-12,ZamFuel Trading Ltd,Ndola,Diesel,Mufulira,Copperbelt,38000,45,45.0,8587
136,SHP-0136,2026-09-29,ZamFuel Trading Ltd,Lusaka,Petrol,Kabwe,Central,28000,130,160.0,16635
137,SHP-0137,2026-07-30,Rift Petro Supplies Ltd,Kasama,Jet A-1,Mbala,Northern,38000,90,90.0,14534
138,SHP-0138,2026-08-15,ZamFuel Trading Ltd,Lusaka,Petrol,Petauke,Eastern,36000,420,420.0,73463
139,SHP-0139,2026-08-18,ZamFuel Trading Ltd,Kabwe,Kerosene,Serenje,Central,40000,175,175.0,33802
140,SHP-0140,2026-08-15,Zambezi Oil Distributors Ltd,Lusaka,Petrol,Choma,Southern,28000,320,320.0,37276
141,SHP-0141,2026-07-27,Mosi Petroleum Merchants Ltd,Lusaka,Petrol,Petauke,Eastern,36000,420,420.0,63868
142,SHP-0142,2026-09-28,Rift Petro Supplies Ltd,Lusaka,Kerosene,Petauke,Eastern,40000,420,420.0,72496
143,SHP-0143,2026-09-26,Zambezi Oil Distributors Ltd,Kasama,Petrol,Mpika,Muchinga,38000,190,190.0,29631
144,SHP-0144,2026-08-05,Mosi Petroleum Merchants Ltd,Ndola,Diesel,Chingola,Copperbelt,28000,60,60.0,8038
145,SHP-0145,2026-09-13,ZamFuel Trading Ltd,Lusaka,Diesel,Petauke,Eastern,38000,420,420.0,70422
146,SHP-0146,2026-08-06,Copperbelt Fuels Ltd,Lusaka,Petrol,Mongu,Western,24000,560,560.0,57384
147,SHP-0147,2026-09-12,Copperbelt Fuels Ltd,Lusaka,Diesel,Chipata,Eastern,34000,365,365.0,60949
148,SHP-0148,2026-08-23,ZamFuel Trading Ltd,Ndola,Kerosene,Kitwe,Copperbelt,32000,65,65.0,8209
149,SHP-0149,2026-08-13,Great Lakes Energy Ltd,Lusaka,Kerosene,Solwezi,North-Western,34000,575,575.0,84369
150,SHP-0150,2026-07-12,Copperbelt Fuels Ltd,Lusaka,Petrol,Kabwe,Central,34000,130,,22710
151,SHP-0151,2026-08-30,Copperbelt Fuels Ltd,Livingstone,Diesel,Sesheke,Western,24000,145,145.0,13093
152,SHP-0152,2026-07-30,ZamFuel Trading Ltd,Kitwe,Petrol,Chingola,Copperbelt,34000,65,65.0,10529
153,SHP-0153,2026-07-20,ZamFuel Trading Ltd,Lusaka,Petrol,Livingstone,Southern,40000,485,485.0,87028
154,SHP-0154,2026-07-18,Zambezi Oil Distributors Ltd,Ndola,Petrol,Chingola,Copperbelt,32000,60,60.0,9221
155,SHP-0155,2026-09-29,ZamFuel Trading Ltd,Lusaka,Jet A-1,Livingstone,Southern,30000,485,485.0,66738
156,SHP-0156,2026-07-10,ZamFuel Trading Ltd,Ndola,Kerosene,Solwezi,North-Western,40000,215,215.0,40435
157,SHP-0157,2026-09-12,Copperbelt Fuels Ltd,Lusaka,Diesel,Mongu,Western,24000,560,560.0,58928
158,SHP-0158,2026-09-18,Copperbelt Fuels Ltd,Ndola,Diesel,Solwezi,North-Western,32000,215,215.0,28147
159,SHP-0159,2026-07-03,Rift Petro Supplies Ltd,Ndola,Diesel,Kapiri Mposhi,Central,34000,150,150.0,22208
160,SHP-0160,2026-08-24,Copperbelt Fuels Ltd,Kabwe,Diesel,Mkushi,Central,32000,95,95.0,11702
161,SHP-0161,2026-08-23,ZamFuel Trading Ltd,Lusaka,Diesel,Livingstone,Southern,40000,485,485.0,88129
162,SHP-0162,2026-08-02,ZamFuel Trading Ltd,Kitwe,Diesel,Chingola,Copperbelt,32000,65,65.0,20323
163,SHP-0163,2026-08-31,Zambezi Oil Distributors Ltd,Lusaka,Petrol,Kitwe,Copperbelt,40000,345,345.0,57009
164,SHP-0164,2026-08-07,Rift Petro Supplies Ltd,Lusaka,Petrol,Kabwe,Central,24000,130,130.0,16014
165,SHP-0165,2026-08-10,Rift Petro Supplies Ltd,Ndola,Jet A-1,Chingola,Copperbelt,36000,60,60.0,9916
166,SHP-0166,2026-08-09,Great Lakes Energy Ltd,Lusaka,Diesel,Mansa,Luapula,34000,455,455.0,63932
167,SHP-0167,2026-09-12,Great Lakes Energy Ltd,Livingstone,Jet A-1,Sesheke,Western,28000,145,145.0,15859
168,SHP-0168,2026-08-28,ZamFuel Trading Ltd,Livingstone,Petrol,Kazungula,Southern,28000,80,80.0,10870
169,SHP-0169,2026-08-04,Copperbelt Fuels Ltd,Lusaka,Diesel,Chipata,Eastern,36000,365,365.0,68819
170,SHP-0170,2026-09-24,Rift Petro Supplies Ltd,Kasama,Petrol,Mbala,Northern,36000,90,90.0,14688
171,SHP-0171,2026-09-12,Copperbelt Fuels Ltd,Lusaka,Petrol,Mongu,Western,34000,560,560.0,88380
172,SHP-0172,2026-09-24,Zambezi Oil Distributors Ltd,Ndola,Petrol,Kitwe,Copperbelt,24000,65,65.0,7387
173,SHP-0173,2026-09-06,Copperbelt Fuels Ltd,Lusaka,Petrol,Mongu,Western,34000,560,560.0,77223
174,SHP-0174,2026-08-06,Great Lakes Energy Ltd,Kasama,Kerosene,Mpika,Muchinga,40000,190,190.0,31186
175,SHP-0175,2026-09-10,Zambezi Oil Distributors Ltd,Lusaka,Petrol,Ndola,Copperbelt,24000,370,370.0,40238
176,SHP-0176,2026-07-31,Rift Petro Supplies Ltd,Lusaka,Diesel,Kabwe,Central,32000,130,130.0,19645
177,SHP-0177,2026-07-25,Zambezi Oil Distributors Ltd,Lusaka,Diesel,Solwezi,North-Western,32000,575,575.0,78943
178,SHP-0178,2026-08-11,Rift Petro Supplies Ltd,Kasama,Diesel,Serenje,Central,40000,215,215.0,38667
179,SHP-0179,2026-09-28,Zambezi Oil Distributors Ltd,Kitwe,Diesel,Chingola,Copperbelt,30000,65,65.0,8886
180,SHP-0180,2026-08-22,Copperbelt Fuels Ltd,Ndola,Petrol,Kapiri Mposhi,Central,32000,150,150.0,20077
181,SHP-0181,2026-08-05,Copperbelt Fuels Ltd,Kitwe,Jet A-1,Chingola,Copperbelt,36000,65,65.0,10571
182,SHP-0182,2026-08-12,Rift Petro Supplies Ltd,Kitwe,Kerosene,Chingola,Copperbelt,24000,65,65.0,7819
183,SHP-0183,2026-07-27,ZamFuel Trading Ltd,Ndola,Diesel,Kitwe,Copperbelt,N/A,65,65.0,10023
184,SHP-0184,2026-08-30,Copperbelt Fuels Ltd,Lusaka,Diesel,Chipata,Eastern,38000,365,365.0,78531
185,SHP-0185,2026-08-02,Mosi Petroleum Merchants Ltd,Kabwe,Petrol,Mkushi,Central,36000,95,95.0,13386
186,SHP-0186,2026-08-21,Rift Petro Supplies Ltd,Ndola,Jet A-1,Solwezi,North-Western,36000,215,215.0,34010
187,SHP-0187,2026-08-04,ZamFuel Trading Ltd,Lusaka,Petrol,Mansa,Luapula,36000,455,455.0,65330
188,SHP-0188,2026-07-30,Copperbelt Fuels Ltd,Lusaka,Petrol,Choma,Southern,38000,320,,54638
189,SHP-0189,2026-09-28,ZamFuel Trading Ltd,Ndola,Petrol,Kapiri Mposhi,Central,40000,150,150.0,26693
190,SHP-0190,2026-08-01,ZamFuel Trading Ltd,Lusaka,Kerosene,Mongu,Western,32000,560,560.0,77767
191,SHP-0191,2026-07-07,Mosi Petroleum Merchants Ltd,Kasama,Diesel,Mpika,Muchinga,32000,190,190.0,23187
192,SHP-0192,2026-08-04,Copperbelt Fuels Ltd,Lusaka,Diesel,Kitwe,Copperbelt,36000,345,345.0,116031
193,SHP-0193,2026-08-18,Copperbelt Fuels Ltd,Lusaka,Kerosene,Livingstone,Southern,28000,485,485.0,59961
194,SHP-0194,2026-07-09,Rift Petro Supplies Ltd,Livingstone,Petrol,Sesheke,Western,38000,145,145.0,23880
195,SHP-0195,2026-07-29,ZamFuel Trading Ltd,Lusaka,Jet A-1,Ndola,Copperbelt,38000,370,370.0,70430
196,SHP-0196,2026-07-16,ZamFuel Trading Ltd,Lusaka,Diesel,Ndola,Copperbelt,36000,370,370.0,64435
197,SHP-0197,2026-08-16,Great Lakes Energy Ltd,,Diesel,Mufulira,Copperbelt,30000,45,45.0,5657
198,SHP-0198,2026-09-05,Rift Petro Supplies Ltd,Kitwe,Petrol,Kalulushi,Copperbelt,30000,40,40.0,5156
199,SHP-0199,2026-09-28,Mosi Petroleum Merchants Ltd,Lusaka,Jet A-1,Ndola,Copperbelt,32000,370,370.0,58964
200,SHP-0200,2026-08-05,Rift Petro Supplies Ltd,Lusaka,Petrol,Chipata,Eastern,36000,365,365.0,69190
201,SHP-0201,2026-09-18,Copperbelt Fuels Ltd,Kabwe,PETROL,Mkushi,Central,38000,95,95.0,15257
202,SHP-0202,2026-07-20,,Kasama,Diesel,Mbala,Northern,36000,90,90.0,13107
203,SHP-0203,2026-09-10,Zambezi Oil Distributors Ltd,Lusaka,Petrol,Petauke,Eastern,40000,420,420.0,75589
204,SHP-0204,2026-08-21,Great Lakes Energy Ltd,Lusaka,Petrol,Livingstone,Southern,40000,485,485.0,95355
205,SHP-0205,2026-09-08,Mosi Petroleum Merchants Ltd,Lusaka,Diesel,Kabwe,Central,36000,130,130.0,21088
206,SHP-0206,2026-09-08,Great Lakes Energy Ltd,Lusaka,Petrol,Kitwe,Copperbelt,30000,345,345.0,43818
207,SHP-0207,2026-08-18,Zambezi Oil Distributors Ltd,Lusaka,Jet A-1,Livingstone,Southern,34000,485,443.0,78192
208,SHP-0208,2026-07-24,ZamFuel Trading Ltd,Ndola,Petrol,Kasumbalesa,Copperbelt,32000,105,105.0,16002
209,SHP-0209,2026-08-18,Great Lakes Energy Ltd,Lusaka,Diesel,Livingstone,Southern,36000,485,485.0,74109
210,SHP-0210,2026-09-15,Copperbelt Fuels Ltd,Ndola,Diesel,Kitwe,Copperbelt,38000,65,65.0,10334
211,SHP-0211,2026-09-28,Rift Petro Supplies Ltd,Ndola,Diesel,Kasumbalesa,Copperbelt,30000,105,105.0,14981
212,SHP-0212,2026-09-24,Rift Petro Supplies Ltd,Ndola,Diesel,Chingola,Copperbelt,34000,60,60.0,9670
213,SHP-0213,2026-07-17,Mosi Petroleum Merchants Ltd,Lusaka,Diesel,Ndola,Copperbelt,24000,370,370.0,41548
214,SHP-0214,2026-08-24,Mosi Petroleum Merchants Ltd,Kabwe,Jet A-1,Serenje,Central,0,175,175.0,28160
215,SHP-0215,2026-07-10,Copperbelt Fuels Ltd,Ndola,Petrol,Kapiri Mposhi,Central,32000,150,150.0,20183
216,SHP-0216,2026-08-31,Great Lakes Energy Ltd,Ndola,Petrol,Kapiri Mposhi,Central,32000,150,150.0,20670
217,SHP-0217,2026-09-30,Great Lakes Energy Ltd,Lusaka,Diesel,Livingstone,Southern,34000,485,485.0,75961
218,SHP-0218,2026-07-05,Copperbelt Fuels Ltd,Lusaka,Kerosene,Livingstone,Southern,28000,485,485.0,62222
219,SHP-0219,2026-08-30,ZamFuel Trading Ltd,Kasama,Petrol,Mpika,Muchinga,34000,190,190.0,26537
220,SHP-0220,2026-09-25,ZamFuel Trading Ltd,Lusaka,Diesel,Mansa,Luapula,36000,455,455.0,63145
221,SHP-0221,2026-09-16,Great Lakes Energy Ltd,Lusaka,Kerosene,Mongu,Western,30000,560,560.0,73554
222,SHP-0222,2026-08-06,Copperbelt Fuels Ltd,Lusaka,DIESEL,Petauke,Eastern,28000,420,420.0,52125
223,SHP-0223,2026-07-10,Mosi Petroleum Merchants Ltd,Ndola,Jet A-1,Solwezi,North-Western,32000,215,,30183
224,SHP-0224,2026-09-23,Copperbelt Fuels Ltd,Kasama,Diesel,Mbala,Northern,28000,90,90.0,11608
225,SHP-0225,2026-09-23,Mosi Petroleum Merchants Ltd,Lusaka,Diesel,Mongu,Western,30000,560,560.0,64826
226,SHP-0226,2026-08-23,Copperbelt Fuels Ltd,Kasama,Petrol,Mpika,Muchinga,36000,190,190.0,25209
227,SHP-0227,2026-09-29,Great Lakes Energy Ltd,Lusaka,Jet A-1,Kabwe,Central,24000,130,,15539
228,SHP-0228,2026-07-01,ZamFuel Trading Ltd,Ndola,Petrol,Chingola,Copperbelt,36000,60,60.0,10312
229,SHP-0229,2026-08-26,Rift Petro Supplies Ltd,Ndola,Diesel,Solwezi,North-Western,28000,215,215.0,26582
230,SHP-0230,2026-07-04,Zambezi Oil Distributors Ltd,Lusaka,Diesel,Livingstone,Southern,40000,485,485.0,88651
231,SHP-0231,2026-09-25,Mosi Petroleum Merchants Ltd,Lusaka,Diesel,Livingstone,Southern,36000,485,485.0,84386
232,SHP-0232,2026-09-01,Zambezi Oil Distributors Ltd,Lusaka,Diesel,Solwezi,North-Western,30000,575,575.0,79980
233,SHP-0233,2026-09-23,ZamFuel Trading Ltd,Kasama,Diesel,Mbala,Northern,34000,90,90.0,13775
234,SHP-0234,2026-08-21,Copperbelt Fuels Ltd,Ndola,Kerosene,Mufulira,Copperbelt,24000,45,45.0,5086
235,SHP-0235,2026-07-08,ZamFuel Trading Ltd,Kasama,Diesel,Mpika,Muchinga,24000,190,190.0,16681
236,SHP-0236,2026-07-03,ZamFuel Trading Ltd,Kabwe,Diesel,Serenje,Central,40000,175,175.0,"33,229"
237,SHP-0237,2026-07-31,Great Lakes Energy Ltd,Lusaka,Petrol,Petauke,Eastern,38000,420,420.0,75064
238,SHP-0238,2026-09-07,Great Lakes Energy Ltd,Kabwe,Diesel,Serenje,Central,28000,175,175.0,23121
239,SHP-0239,2026-07-14,Great Lakes Energy Ltd,Lusaka,Diesel,Kabwe,Central,30000,130,130.0,18319
240,SHP-0240,2026-09-17,Zambezi Oil Distributors Ltd,Lusaka,Petrol,Livingstone,Southern,28000,485,485.0,65663
241,SHP-0241,2026-07-23,Great Lakes Energy Ltd,Livingstone,Petrol,Sesheke,Western,32000,145,145.0,19546
242,SHP-0242,2026-08-15,Zambezi Oil Distributors Ltd,Kabwe,Diesel,Serenje,Central,30000,175,175.0,25869
243,SHP-0243,2026-07-19,ZamFuel Trading Ltd,Lusaka,Diesel,Kitwe,Copperbelt,30000,345,345.0,41915
244,SHP-0244,2026-08-12,ZamFuel Trading Ltd,Ndola,Diesel,Kitwe,Copperbelt,34000,65,65.0,9293
245,SHP-0245,2026-08-11,Rift Petro Supplies Ltd,Ndola,Petrol,Mufulira,Copperbelt,28000,45,45.0,"6,237"
246,SHP-0246,2026-07-01,Zambezi Oil Distributors Ltd,Kitwe,Petrol,Kalulushi,Copperbelt,40000,40,40.0,7251
247,SHP-0247,2026-08-22,ZamFuel Trading Ltd,Ndola,Petrol,Mufulira,Copperbelt,36000,45,45.0,7299
248,SHP-0248,2026-09-11,Rift Petro Supplies Ltd,Lusaka,Diesel,Solwezi,North-Western,38000,575,575.0,98801
249,SHP-0249,2026-09-25,Great Lakes Energy Ltd,Lusaka,Kerosene,Mansa,Luapula,28000,455,455.0,55903
250,SHP-0250,2026-07-31,ZamFuel Trading Ltd,Lusaka,Petrol,Solwezi,North-Western,36000,575,575.0,212552
251,SHP-0251,2026-09-20,Copperbelt Fuels Ltd,Ndola,Diesel,Solwezi,North-Western,38000,215,125.0,36164
252,SHP-0252,2026-09-19,Zambezi Oil Distributors Ltd,Kitwe,Petrol,Kalulushi,Copperbelt,28000,40,40.0,4996
253,SHP-0253,2026-09-29,Great Lakes Energy Ltd,Lusaka,Petrol,Petauke,Eastern,38000,420,420.0,75972
254,SHP-0254,2026-08-04,ZamFuel Trading Ltd,Lusaka,Petrol,Kitwe,Copperbelt,30000,345,345.0,41861
255,SHP-0255,2026-09-17,Zambezi Oil Distributors Ltd,Lusaka,Petrol,Kitwe,Copperbelt,38000,345,345.0,53894
256,SHP-0256,2026-08-21,Copperbelt Fuels Ltd,Ndola,Diesel,Kapiri Mposhi,Central,32000,150,150.0,20234
257,SHP-0257,2026-07-06,Zambezi Oil Distributors Ltd,Livingstone,Kerosene,Kazungula,Southern,38000,80,80.0,15849
258,SHP-0258,2026-07-25,Copperbelt Fuels Ltd,Lusaka,Petrol,Livingstone,Southern,28000,485,485.0,58767
259,SHP-0259,2026-08-31,Rift Petro Supplies Ltd,Lusaka,Diesel,Choma,Southern,32000,320,320.0,39617
260,SHP-0260,2026-07-15,Copperbelt Fuels Ltd,Ndola,Diesel,Mufulira,Copperbelt,30000,45,45.0,5786
261,SHP-0261,2026-08-09,ZamFuel Trading Ltd,Lusaka,Jet A-1,Livingstone,Southern,28000,485,485.0,63627
262,SHP-0262,2026-09-10,Zambezi Oil Distributors Ltd,Livingstone,Diesel,Sesheke,Western,30000,145,145.0,16586
263,SHP-0263,2026-07-14,ZamFuel Trading Ltd,Lusaka,Petrol,Chipata,Eastern,32000,365,365.0,56871
264,SHP-0264,2026-08-15,ZamFuel Trading Ltd,Lusaka,Diesel,Livingstone,Southern,28000,485,485.0,65624
265,SHP-0265,2026-07-20,Copperbelt Fuels Ltd,Kitwe,Petrol,Chingola,Copperbelt,36000,65,65.0,10894
266,SHP-0266,2026-08-19,Great Lakes Energy Ltd,Lusaka,JET A-1,Ndola,Copperbelt,34000,370,370.0,61266
267,SHP-0267,2026-07-23,Zambezi Oil Distributors Ltd,Lusaka,Petrol,Mongu,Western,38000,560,560.0,89636
268,SHP-0268,2026-09-27,Mosi Petroleum Merchants Ltd,Lusaka,Diesel,Ndola,Copperbelt,36000,370,370.0,66284
269,SHP-0269,2026-07-08,Copperbelt Fuels Ltd,Lusaka,Petrol,Livingstone,Southern,28000,485,485.0,65032
270,SHP-0270,2026-09-27,Copperbelt Fuels Ltd,Lusaka,Diesel,Kabwe,Central,24000,130,130.0,14799
271,SHP-0271,2026-09-11,ZamFuel Trading Ltd,Lusaka,Kerosene,Choma,Southern,32000,320,320.0,42037
272,SHP-0272,2026-09-17,Rift Petro Supplies Ltd,Lusaka,Diesel,Ndola,Copperbelt,32000,370,332.0,59978
273,SHP-0273,2026-09-17,Mosi Petroleum Merchants Ltd,Lusaka,Diesel,Choma,Southern,28000,320,320.0,37825
274,SHP-0274,2026-07-18,Great Lakes Energy Ltd,Ndola,Jet A-1,Mufulira,Copperbelt,38000,45,45.0,7590
275,SHP-0275,2026-09-24,Rift Petro Supplies Ltd,Ndola,Kerosene,Kasumbalesa,Copperbelt,34000,105,105.0,17827
276,SHP-0276,2026-08-24,Copperbelt Fuels Ltd,Lusaka,Petrol,Mansa,Luapula,36000,455,455.0,66066
277,SHP-0277,2026-09-27,Mosi Petroleum Merchants Ltd,Lusaka,Diesel,Chipata,Eastern,24000,365,365.0,46561
278,SHP-0278,2026-09-19,Copperbelt Fuels Ltd,Ndola,Diesel,Kitwe,Copperbelt,38000,65,65.0,11043
279,SHP-0279,2026-08-23,ZamFuel Trading Ltd,Kitwe,DIESEL,Kalulushi,Copperbelt,28000,40,40.0,5135
280,SHP-0280,2026-08-04,Copperbelt Fuels Ltd,Livingstone,petrol ,Choma,Southern,32000,200,200.0,27143
281,SHP-0281,2026-07-11,ZamFuel Trading Ltd,Lusaka, Petrol ,Kabwe,Central,32000,130,130.0,20226
282,SHP-0282,2026-07-10,ZamFuel Trading Ltd,Lusaka,Kerosene,Ndola,Copperbelt,38000,370,370.0,69988
283,SHP-0283,2026-08-05,ZamFuel Trading Ltd,Lusaka,Jet A-1,Kitwe,Copperbelt,30000,345,345.0,84267
284,SHP-0284,2026-09-13,Copperbelt Fuels Ltd,Lusaka,Kerosene,Kitwe,Copperbelt,28000,345,345.0,41394
285,SHP-0285,2026-08-16,Rift Petro Supplies Ltd,Ndola,Jet A-1,Chingola,Copperbelt,30000,60,60.0,8971
286,SHP-0286,2026-08-14,Copperbelt Fuels Ltd,Lusaka,Diesel,Solwezi,North-Western,30000,575,575.0,74270
287,SHP-0287,2026-07-23,Copperbelt Fuels Ltd,Lusaka,Diesel,Kabwe,Central,28000,130,130.0,17333
288,SHP-0288,2026-08-21,Mosi Petroleum Merchants Ltd,Lusaka,Diesel,Mansa,Luapula,28000,455,455.0,51086
289,SHP-0289,2026-08-28,Great Lakes Energy Ltd,Ndola,Diesel,Kitwe,Copperbelt,28000,65,65.0,7329
290,SHP-0290,2026-09-29,Rift Petro Supplies Ltd,Lusaka,Diesel,Livingstone,Southern,32000,485,485.0,65961
291,SHP-0291,2026-09-06,Copperbelt Fuels Ltd,Livingstone,Petrol,Sesheke,Western,30000,145,145.0,18209
292,SHP-0292,2026-08-25,Zambezi Oil Distributors Ltd,Lusaka,Diesel,Choma,Southern,32000,320,320.0,46229
293,SHP-0293,2026-09-22,ZamFuel Trading Ltd,Kasama,Petrol,Mpika,Muchinga,36000,190,190.0,29962
294,SHP-0294,2026-08-09,Copperbelt Fuels Ltd,Lusaka,Petrol,Choma,Southern,28000,320,320.0,34079
295,SHP-0295,2026-09-25,Zambezi Oil Distributors Ltd,Livingstone,Diesel,Choma,Southern,40000,200,200.0,34884
296,SHP-0296,2026-08-04,Rift Petro Supplies Ltd,Kitwe,Diesel,Chingola,Copperbelt,38000,65,65.0,12725
297,SHP-0297,2026-07-12,Great Lakes Energy Ltd,Kasama,petrol ,Serenje,Central,28000,215,215.0,27925
298,SHP-0298,2026-08-08,Rift Petro Supplies Ltd,Kabwe,Kerosene,Serenje,Central,30000,175,175.0,24120
299,SHP-0299,2026-07-12,Rift Petro Supplies Ltd,Kabwe,Kerosene,Mkushi,Central,28000,95,95.0,9582
300,SHP-0300,2026-07-11,Copperbelt Fuels Ltd,Ndola,Petrol,Solwezi,North-Western,30000,215,215.0,28617
301,SHP-0301,2026-09-20,ZamFuel Trading Ltd,Kabwe,Petrol,Mkushi,Central,30000,95,57.0,10805
302,SHP-0302,2026-09-12,Copperbelt Fuels Ltd,Lusaka,Petrol,Livingstone,Southern,28000,485,485.0,64157
303,SHP-0303,2026-07-21,ZamFuel Trading Ltd,Ndola,Kerosene,Kitwe,Copperbelt,24000,65,65.0,6117
304,SHP-0304,2026-09-16,Zambezi Oil Distributors Ltd,Ndola,Kerosene,Kitwe,Copperbelt,32000,65,65.0,9086
305,SHP-0305,2026-07-07,Copperbelt Fuels Ltd,Kitwe,Petrol,Kalulushi,Copperbelt,36000,40,40.0,6841
306,SHP-0306,2026-07-27,Rift Petro Supplies Ltd,Lusaka,Diesel,Petauke,Eastern,30000,420,420.0,53663
307,SHP-0307,2026-09-03,Great Lakes Energy Ltd,Lusaka,Petrol,Mansa,Luapula,38000,455,455.0,69543
308,SHP-0308,2026-07-28,Great Lakes Energy Ltd,Ndola,Petrol,Solwezi,North-Western,30000,215,215.0,25196
309,SHP-0309,2026-09-06,Copperbelt Fuels Ltd,Lusaka,Jet A-1,Mongu,Western,40000,560,560.0,94511
310,SHP-0310,2026-09-19,Copperbelt Fuels Ltd,Lusaka,Petrol,Livingstone,Southern,28000,485,485.0,61676
311,SHP-0311,2026-07-07,Mosi Petroleum Merchants Ltd,Lusaka,Petrol,Petauke,Eastern,34000,420,420.0,58388
312,SHP-0312,2026-07-03,Great Lakes Energy Ltd,Lusaka,Diesel,Solwezi,North-Western,38000,575,575.0,98987
313,SHP-0313,2026-09-25,Zambezi Oil Distributors Ltd,Lusaka,Diesel,Kitwe,Copperbelt,24000,345,345.0,34279
314,SHP-0314,2026-08-17,Zambezi Oil Distributors Ltd,Lusaka,Jet A-1,Mansa,Luapula,40000,455,455.0,73441
315,SHP-0315,2026-08-16,Great Lakes Energy Ltd,Lusaka,Jet A-1,Mansa,Luapula,30000,455,455.0,56598
316,SHP-0316,2026-08-12,ZamFuel Trading Ltd,Lusaka,Petrol,Chipata,Eastern,32000,365,365.0,61092
317,SHP-0317,2026-08-09,Rift Petro Supplies Ltd,Lusaka,Petrol,Mansa,Luapula,36000,455,455.0,71960
318,SHP-0318,2026-09-02,ZamFuel Trading Ltd,Ndola,Kerosene,Kasumbalesa,Copperbelt,36000,105,105.0,18158
319,SHP-0319,2026-08-23,Rift Petro Supplies Ltd,Lusaka,Petrol,Mongu,Western,24000,560,560.0,59251
320,SHP-0320,2026-07-16,Mosi Petroleum Merchants Ltd,Kasama,Kerosene,Mpika,Muchinga,38000,190,190.0,27809
321,SHP-0321,2026-08-27,Rift Petro Supplies Ltd,Kitwe,Diesel,Chingola,Copperbelt,34000,65,65.0,10647
322,SHP-0322,2026-08-31,Copperbelt Fuels Ltd,Lusaka,Petrol,Petauke,Eastern,40000,420,420.0,75015
323,SHP-0323,2026-07-11,ZamFuel Trading Ltd,Lusaka,Kerosene,Chipata,Eastern,32000,365,365.0,56623
324,SHP-0324,2026-08-04,Mosi Petroleum Merchants Ltd,Ndola,Petrol,Kitwe,Copperbelt,34000,65,65.0,9604
325,SHP-0325,2026-09-11,ZamFuel Trading Ltd,Livingstone,Diesel,Choma,Southern,32000,200,200.0,25880
326,SHP-0326,2026-08-26,ZamFuel Trading Ltd,Ndola,Diesel,Solwezi,North-Western,40000,215,153.0,38613
327,SHP-0327,2026-07-13,ZamFuel Trading Ltd,Kabwe,DIESEL,Serenje,Central,38000,175,175.0,31237
328,SHP-0328,2026-07-04,ZamFuel Trading Ltd,Ndola,Diesel,Kitwe,Copperbelt,40000,65,65.0,9445
329,SHP-0329,2026-08-23,Copperbelt Fuels Ltd,Ndola,Diesel,Solwezi,North-Western,34000,215,215.0,33910
330,SHP-0330,2026-08-12,Rift Petro Supplies Ltd,Lusaka,Jet A-1,Mongu,Western,-5000,560,560.0,77348
331,SHP-0331,2026-09-27,Copperbelt Fuels Ltd,Ndola,Jet A-1,Kapiri Mposhi,Central,30000,150,150.0,18375
332,SHP-0332,2026-08-18,ZamFuel Trading Ltd,Lusaka,Diesel,Kitwe,Copperbelt,32000,345,345.0,49154
333,SHP-0333,2026-09-24,ZamFuel Trading Ltd,Ndola,Petrol,Kasumbalesa,Copperbelt,38000,105,105.0,18986
334,SHP-0334,2026-07-20,Copperbelt Fuels Ltd,Kitwe,Diesel,Kalulushi,Copperbelt,24000,40,40.0,4020
335,SHP-0335,2026-08-11,ZamFuel Trading Ltd,Lusaka,Jet A-1,Livingstone,Southern,36000,485,,77206
336,SHP-0336,2026-07-13,Great Lakes Energy Ltd,Ndola,PETROL,Mufulira,Copperbelt,24000,45,45.0,5418
337,SHP-0337,2026-08-22,ZamFuel Trading Ltd,Lusaka,Diesel,Choma,Southern,34000,320,320.0,40716
338,SHP-0338,2026-07-18,Copperbelt Fuels Ltd,Ndola,Diesel,Kapiri Mposhi,Central,32000,150,150.0,21364
339,SHP-0339,2026-08-15,Copperbelt Fuels Ltd,Lusaka,Petrol,Choma,Southern,32000,320,320.0,42277
340,SHP-0340,2026-08-01,Copperbelt Fuels Ltd,Kasama,Diesel,Mpika,Muchinga,32000,190,190.0,23379
341,SHP-0341,2026-07-18,ZamFuel Trading Ltd,Lusaka,Petrol,Livingstone,Southern,32000,485,485.0,70481
342,SHP-0342,2026-07-09,ZamFuel Trading Ltd,Kasama, Kerosene ,Mbala,Northern,32000,90,90.0,12014
343,SHP-0343,2026-08-17,Zambezi Oil Distributors Ltd,Kabwe,Kerosene,Serenje,Central,32000,175,175.0,26707
344,SHP-0344,2026-09-26,ZamFuel Trading Ltd,Ndola,Kerosene,Mufulira,Copperbelt,34000,45,45.0,7568
345,SHP-0345,2026-07-19,Rift Petro Supplies Ltd,Kabwe,Diesel,Serenje,Central,38000,175,175.0,27785
346,SHP-0346,2026-08-07,Copperbelt Fuels Ltd,Kabwe,Petrol,Serenje,Central,34000,175,175.0,26650
347,SHP-0347,2026-07-21,Copperbelt Fuels Ltd,Kasama,Diesel,Mpika,Muchinga,36000,190,,26762
348,SHP-0348,2026-09-13,Copperbelt Fuels Ltd,Lusaka,Kerosene,Mongu,Western,38000,560,560.0,96883
349,SHP-0349,2026-08-08,Great Lakes Energy Ltd,Ndola,Diesel,Mufulira,Copperbelt,40000,45,45.0,8010
350,SHP-0350,2026-09-28,Zambezi Oil Distributors Ltd,Lusaka,Kerosene,Choma,Southern,24000,320,320.0,34346
351,SHP-0351,2026-07-23,ZamFuel Trading Ltd,Ndola,Petrol,Mufulira,Copperbelt,36000,45,45.0,7718
352,SHP-0352,2026-07-08,Copperbelt Fuels Ltd,Lusaka,Kerosene,Ndola,Copperbelt,28000,370,370.0,46980
353,SHP-0353,2026-08-23,ZamFuel Trading Ltd,Ndola,PETROL,Chingola,Copperbelt,28000,60,60.0,7752
354,SHP-0354,2026-08-29,Copperbelt Fuels Ltd,Ndola,Petrol,Chingola,Copperbelt,38000,60,60.0,10452
355,SHP-0355,2026-09-30,Great Lakes Energy Ltd,Lusaka,Diesel,Petauke,Eastern,24000,420,420.0,41832
356,SHP-0356,2026-09-19,ZamFuel Trading Ltd,Ndola,Petrol,Kitwe,Copperbelt,38000,65,65.0,10555
357,SHP-0357,2026-09-20,Copperbelt Fuels Ltd,Kabwe,Petrol,Mkushi,Central,38000,95,95.0,13568
358,SHP-0358,2026-08-28,Mosi Petroleum Merchants Ltd,Kabwe,Petrol,Serenje,Central,40000,175,175.0,28510
359,SHP-0359,2026-08-03,ZamFuel Trading Ltd,Lusaka,Diesel,Petauke,Eastern,36000,420,420.0,65747
360,SHP-0360,2026-08-09,Copperbelt Fuels Ltd,Ndola,diesel ,Mufulira,Copperbelt,38000,45,45.0,7424
361,SHP-0361,2026-07-13,Great Lakes Energy Ltd,Kasama,Petrol,Mpika,Muchinga,24000,190,190.0,17945
362,SHP-0362,2026-08-09,ZamFuel Trading Ltd,Lusaka,Diesel,Livingstone,Southern,40000,485,485.0,86623
363,SHP-0363,2026-08-03,ZamFuel Trading Ltd,Lusaka,Kerosene,Livingstone,Southern,28000,485,485.0,60756
364,SHP-0364,2026-07-04,ZamFuel Trading Ltd,Lusaka,Petrol,Choma,Southern,30000,320,320.0,43721
365,SHP-0365,2026-07-19,Mosi Petroleum Merchants Ltd,Ndola,Petrol,Solwezi,North-Western,28000,215,215.0,26432
366,SHP-0366,2026-08-19,ZamFuel Trading Ltd,Lusaka,Kerosene,Solwezi,North-Western,32000,575,575.0,82511
367,SHP-0367,2026-08-03,ZamFuel Trading Ltd,Kabwe,Kerosene,Mkushi,Central,36000,95,38.0,12478
368,SHP-0368,2026-09-30,ZamFuel Trading Ltd,Ndola,Diesel,Solwezi,North-Western,30000,215,215.0,27317
369,SHP-0369,2026-08-14,ZamFuel Trading Ltd,Lusaka,Kerosene,Chipata,Eastern,38000,365,365.0,69599
370,SHP-0370,2026-09-27,Rift Petro Supplies Ltd,Kitwe,Petrol,Chingola,Copperbelt,34000,65,65.0,10085
371,SHP-0371,2026-08-30,ZamFuel Trading Ltd,Kabwe,Petrol,Mkushi,Central,36000,95,95.0,14317
372,SHP-0372,2026-07-04,Rift Petro Supplies Ltd,Lusaka,Diesel,Mongu,Western,40000,560,560.0,90027
373,SHP-0373,2026-07-19,Rift Petro Supplies Ltd,Lusaka,Petrol,Mansa,Luapula,32000,455,455.0,61203
374,SHP-0374,2026-09-03,Zambezi Oil Distributors Ltd,Lusaka,Diesel,Chipata,Eastern,30000,365,365.0,52769
375,SHP-0375,2026-08-20,ZamFuel Trading Ltd,Lusaka,Diesel,Ndola,Copperbelt,40000,370,370.0,71840
376,SHP-0376,2026-07-28,Zambezi Oil Distributors Ltd,Lusaka,Diesel,Livingstone,Southern,34000,485,485.0,74665
377,SHP-0377,2026-08-18,Rift Petro Supplies Ltd,Kasama,Diesel,Mpika,Muchinga,34000,190,190.0,26057
378,SHP-0378,2026-09-22,ZamFuel Trading Ltd,Lusaka,Petrol,Solwezi,North-Western,30000,575,575.0,75515
379,SHP-0379,2026-08-05,Great Lakes Energy Ltd,Lusaka,Petrol,Mansa,Luapula,28000,455,455.0,109771
380,SHP-0380,2026-07-05,Zambezi Oil Distributors Ltd,Ndola,Petrol,Kapiri Mposhi,Central,28000,150,150.0,18124
381,SHP-0381,2026-07-29,ZamFuel Trading Ltd,Ndola,Diesel,Chingola,Copperbelt,28000,60,60.0,8119
382,SHP-0382,2026-09-25,Mosi Petroleum Merchants Ltd,Kasama,Petrol,Mpika,Muchinga,28000,190,190.0,37865
383,SHP-0383,2026-09-09,Copperbelt Fuels Ltd,Kabwe,petrol,Mkushi,Central,36000,95,95.0,13400
384,SHP-0384,2026-09-16,Rift Petro Supplies Ltd,Lusaka,Petrol,Petauke,Eastern,24000,420,483.0,46459
385,SHP-0385,2026-09-22,Mosi Petroleum Merchants Ltd,Lusaka,Petrol,Mansa,Luapula,36000,455,455.0,69030
386,SHP-0386,2026-07-11,Copperbelt Fuels Ltd,Kasama,kerosene ,Serenje,Central,40000,215,215.0,40199
387,SHP-0387,2026-07-27,Zambezi Oil Distributors Ltd,Ndola,Petrol,Kapiri Mposhi,Central,38000,150,150.0,24140
388,SHP-0388,2026-07-06,Copperbelt Fuels Ltd,Kasama,Jet A-1,Mbala,Northern,32000,90,90.0,13732
389,SHP-0389,2026-07-01,Great Lakes Energy Ltd,Lusaka,Petrol,Livingstone,Southern,24000,485,485.0,50800
390,SHP-0390,2026-09-15,Rift Petro Supplies Ltd,Livingstone,Diesel,Choma,Southern,38000,200,200.0,33212
391,SHP-0391,2026-09-25,ZamFuel Trading Ltd,Ndola,Diesel,Solwezi,North-Western,24000,215,215.0,20454
392,SHP-0392,2026-07-15,Copperbelt Fuels Ltd,Lusaka,Petrol,Livingstone,Southern,36000,485,485.0,82560
393,SHP-0393,2026-09-05,Copperbelt Fuels Ltd,Ndola,Kerosene,Mufulira,Copperbelt,36000,45,45.0,8339
394,SHP-0394,2026-08-19,ZamFuel Trading Ltd,Ndola,Jet A-1,Kasumbalesa,Copperbelt,28000,105,105.0,14563
395,SHP-0395,2026-07-07,ZamFuel Trading Ltd,Lusaka,Kerosene,Kabwe,Central,36000,130,130.0,23190
396,SHP-0396,2026-09-23,Copperbelt Fuels Ltd,Lusaka,Petrol,Petauke,Eastern,28000,420,420.0,50666
397,SHP-0397,2026-09-19,ZamFuel Trading Ltd,Livingstone,Petrol,Sesheke,Western,28000,145,145.0,16422
398,SHP-0398,2026-08-22,ZamFuel Trading Ltd,Lusaka,Diesel,Mongu,Western,38000,560,,89851
399,SHP-0399,2026-09-04,Great Lakes Energy Ltd,Lusaka,Petrol,Petauke,Eastern,40000,420,420.0,71540
400,SHP-0400,2026-08-06,Great Lakes Energy Ltd,Lusaka,Diesel,Solwezi,North-Western,30000,575,575.0,75309
401,SHP-0336,2026-07-13,Great Lakes Energy Ltd,Ndola,PETROL,Mufulira,Copperbelt,24000,45,45.0,5418
402,SHP-0097,2026-09-12,Copperbelt Fuels Ltd,Lusaka,Petrol,Mansa,Luapula,36000,455,455.0,67976
403,SHP-0178,2026-08-11,Rift Petro Supplies Ltd,Kasama,Diesel,Serenje,Central,40000,215,215.0,38667
404,SHP-0040,2026-07-07,Rift Petro Supplies Ltd,Ndola,Diesel,Solwezi,North-Western,40000,215,215.0,39785
405,SHP-0380,2026-07-05,Zambezi Oil Distributors Ltd,Ndola,Petrol,Kapiri Mposhi,Central,28000,150,150.0,18124
406,SHP-0063,2026-08-13,Mosi Petroleum Merchants Ltd,Ndola,Kerosene,Chingola,Copperbelt,38000,60,60.0,10792
407,SHP-0235,2026-07-08,ZamFuel Trading Ltd,Kasama,Diesel,Mpika,Muchinga,24000,190,190.0,16681
408,SHP-0277,2026-09-27,Mosi Petroleum Merchants Ltd,Lusaka,Diesel,Chipata,Eastern,24000,365,365.0,46561
