route,depot,destination,reference_distance_km,shipments,volume_litres,transport_cost,cost_per_litre,cost_per_litre_km,deviation_pct,high_cost_anomalies,flagged,flag_reason
Lusaka -> Chipata,Lusaka,Chipata,365,16,520000.0,957752,1.8418307692307692,0.005046111696522655,13.881282949427053,0,True,cost per litre-km 13.9% above network average
Livingstone -> Kazungula,Livingstone,Kazungula,80,4,140000.0,55622,0.3973,0.00496625,12.078954145491716,0,True,cost per litre-km 12.1% above network average
Lusaka -> Kabwe,Lusaka,Kabwe,130,13,414000.0,260604,0.6294782608695653,0.004842140468227425,9.278034634682374,0,False,
Ndola -> Kasumbalesa,Ndola,Kasumbalesa,105,11,358000.0,181056,0.5057430167597765,0.004816600159616919,8.701637740120383,1,False,
Ndola -> Chingola,Ndola,Chingola,60,17,550000.0,158917,0.28894,0.004815666666666667,8.680570553900102,1,False,
Lusaka -> Ndola,Lusaka,Ndola,370,17,542000.0,961695,1.7743450184501846,0.004795527076892391,8.226057760782535,1,False,
Kitwe -> Chingola,Kitwe,Chingola,65,9,296000.0,91728,0.30989189189189187,0.004767567567567568,7.595064040460908,1,False,
Ndola -> Mufulira,Ndola,Mufulira,45,13,434000.0,92587,0.21333410138248848,0.004740757808499744,6.990018028436862,0,False,
Lusaka -> Livingstone,Lusaka,Livingstone,485,30,980000.0,2188774,2.2334428571428573,0.004605036818851251,3.927049676985739,0,False,
Kasama -> Serenje,Kasama,Serenje,215,3,108000.0,106791,0.9888055555555556,0.0045990956072351425,3.7929676665572565,0,False,
Kabwe -> Serenje,Kabwe,Serenje,175,14,476000.0,378779,0.7957542016806722,0.004547166866746699,2.6210333249438778,0,False,
Kitwe -> Kalulushi,Kitwe,Kalulushi,40,6,186000.0,33399,0.17956451612903226,0.004489112903225807,1.3108641801319765,0,False,
Ndola -> Solwezi,Ndola,Solwezi,215,18,570000.0,543368,0.9532771929824562,0.004433847409220726,0.06362556580057355,0,False,
Kasama -> Mbala,Kasama,Mbala,90,9,294000.0,116433,0.39603061224489794,0.004400340136054422,-0.692570786124258,0,False,
Lusaka -> Petauke,Lusaka,Petauke,420,23,766000.0,1410809,1.8417872062663185,0.004385207633967425,-1.0340829950374442,0,False,
Lusaka -> Solwezi,Lusaka,Solwezi,575,19,612000.0,1532250,2.5036764705882355,0.004354219948849105,-1.7334169672400424,1,False,
Livingstone -> Choma,Livingstone,Choma,200,6,212000.0,180569,0.8517405660377358,0.00425870283018868,-3.8890593055136535,0,False,
Lusaka -> Kitwe,Lusaka,Kitwe,345,11,328000.0,480916,1.4662073170731706,0.004249876281371509,-4.088257968517439,2,True,2 high-cost anomalies on this route
Ndola -> Kapiri Mposhi,Ndola,Kapiri Mposhi,150,14,488000.0,310944,0.6371803278688525,0.004247868852459017,-4.133561876503055,0,False,
Lusaka -> Mongu,Lusaka,Mongu,560,17,558000.0,1324444,2.3735555555555554,0.004238492063492063,-4.345178428359919,0,False,
Ndola -> Kitwe,Ndola,Kitwe,65,11,362000.0,98402,0.27182872928176793,0.0041819804504887375,-5.620539612852749,0,False,
Lusaka -> Mansa,Lusaka,Mansa,455,18,630000.0,1190966,1.8904222222222222,0.004154774114774115,-6.234535616482462,1,False,
Lusaka -> Choma,Lusaka,Choma,320,17,514000.0,679821,1.3226089494163424,0.00413315296692607,-6.722484398407236,0,False,
Livingstone -> Sesheke,Livingstone,Sesheke,145,10,306000.0,180090,0.5885294117647059,0.004058823529411765,-8.399960485762081,0,False,
Kasama -> Mpika,Kasama,Mpika,190,13,434000.0,328399,0.7566797235023042,0.003982524860538443,-10.121878433915132,1,False,
Kabwe -> Mkushi,Kabwe,Mkushi,95,14,484000.0,180507,0.372948347107438,0.003925772074815137,-11.402682434662449,0,False,
